number,filename
1,1.jpg
2,2.jpg
3,3.jpg
4,3.1.jpg
5,4.jpg
6,4.1.jpg
7,4.2.jpg
8,4.3.jpg
9,4.4.jpg
10,5.jpg
11,5.1.jpg
12,5.2.jpg
13,5.3.jpg
14,5.4.jpg
15,5.5.jpg
16,5.6.jpg
17,5.7.jpg
18,5.8.jpg
19,6.jpg
20,6.1.jpg
21,6.2.jpg
22,6.3.jpg
23,6.4.jpg
24,6.5.jpg
25,6.6.jpg
26,6.7.jpg
27,WhatsApp_Image_2026-06-07_at_16.29.12.jpeg
28,WhatsApp_Image_2026-06-07_at_16.29.13.jpeg
29,WhatsApp_Image_2026-06-07_at_16.29.13_(1).jpeg
30,WhatsApp_Image_2026-06-07_at_16.29.13_(2).jpeg
31,WhatsApp_Image_2026-06-07_at_16.29.18.jpeg
32,WhatsApp_Image_2026-06-07_at_16.29.20.jpeg
33,WhatsApp_Image_2026-06-07_at_16.29.21.jpeg
34,WhatsApp_Image_2026-06-07_at_16.29.21_(1).jpeg
35,WhatsApp_Image_2026-06-07_at_16.29.21_(2).jpeg
36,WhatsApp_Image_2026-06-07_at_16.29.21_(3).jpeg
37,WhatsApp_Image_2026-06-07_at_16.29.22.jpeg
38,WhatsApp_Image_2026-06-07_at_16.29.22_(2).jpeg
39,WhatsApp_Image_2026-06-07_at_16.29.23.jpeg
40,WhatsApp_Image_2026-06-07_at_16.29.23_(1).jpeg
41,WhatsApp_Image_2026-06-07_at_16.29.23_(2).jpeg
42,WhatsApp_Image_2026-06-07_at_16.29.24_(1).jpeg
43,WhatsApp_Image_2026-06-07_at_16.29.24_(2).jpeg
44,WhatsApp_Image_2026-06-07_at_16.29.24_(3).jpeg
45,WhatsApp_Image_2026-06-07_at_16.29.25.jpeg
46,WhatsApp_Image_2026-06-07_at_16.29.25_(1).jpeg
47,WhatsApp_Image_2026-06-07_at_16.29.25_(2).jpeg
48,WhatsApp_Image_2026-06-07_at_16.29.26_(1).jpeg
49,WhatsApp_Image_2026-06-07_at_16.29.26_(2).jpeg
50,WhatsApp_Image_2026-06-11_at_17.50.48_sitting_.jpeg
51,WhatsApp_Image_2026-06-11_at_17.50.49_holiday_toast.jpeg
52,WhatsApp_Image_2026-06-11_at_17.50.49_sisters.jpeg
